starttime	seconds	ctime	dtime	ttime	wait
Tue Dec 20 09:42:53 2016	1482248573	0	233	233	206
Tue Dec 20 09:46:25 2016	1482248785	0	234	234	205
Tue Dec 20 09:47:30 2016	1482248850	0	234	234	206
Tue Dec 20 09:47:20 2016	1482248840	0	235	235	206
Tue Dec 20 09:42:54 2016	1482248574	0	235	235	206
Tue Dec 20 09:43:03 2016	1482248583	0	236	236	208
Tue Dec 20 09:46:09 2016	1482248769	0	236	236	206
Tue Dec 20 09:43:06 2016	1482248586	0	236	236	208
Tue Dec 20 09:45:43 2016	1482248743	0	236	236	207
Tue Dec 20 09:44:11 2016	1482248651	0	236	236	207
Tue Dec 20 09:41:42 2016	1482248502	0	236	236	206
Tue Dec 20 09:45:36 2016	1482248736	0	236	236	207
Tue Dec 20 09:46:20 2016	1482248780	0	236	236	207
Tue Dec 20 09:49:58 2016	1482248998	0	236	236	208
Tue Dec 20 09:45:53 2016	1482248753	0	237	237	208
Tue Dec 20 09:46:30 2016	1482248790	0	237	237	209
Tue Dec 20 09:45:16 2016	1482248716	0	237	237	208
Tue Dec 20 09:43:34 2016	1482248614	0	237	238	209
Tue Dec 20 09:43:20 2016	1482248600	0	238	238	208
Tue Dec 20 09:46:19 2016	1482248779	0	238	238	210
Tue Dec 20 09:45:13 2016	1482248713	0	238	238	209
Tue Dec 20 09:45:57 2016	1482248757	0	238	238	208
Tue Dec 20 09:43:03 2016	1482248583	0	238	238	208
Tue Dec 20 09:46:16 2016	1482248776	0	238	238	208
Tue Dec 20 09:43:50 2016	1482248630	0	238	238	208
Tue Dec 20 09:45:59 2016	1482248759	0	238	238	207
Tue Dec 20 09:45:49 2016	1482248749	0	238	238	209
Tue Dec 20 09:45:15 2016	1482248715	0	238	238	207
Tue Dec 20 09:45:23 2016	1482248723	0	238	239	209
Tue Dec 20 09:45:21 2016	1482248721	0	239	239	210
Tue Dec 20 09:42:03 2016	1482248523	0	239	239	209
Tue Dec 20 09:41:46 2016	1482248506	0	239	239	209
Tue Dec 20 09:45:57 2016	1482248757	0	239	239	209
Tue Dec 20 09:41:50 2016	1482248510	0	239	239	208
Tue Dec 20 09:46:17 2016	1482248777	0	239	239	211
Tue Dec 20 09:41:42 2016	1482248502	0	239	239	210
Tue Dec 20 09:46:04 2016	1482248764	0	239	239	209
Tue Dec 20 09:44:52 2016	1482248692	0	239	239	210
Tue Dec 20 09:48:56 2016	1482248936	0	239	239	211
Tue Dec 20 09:44:41 2016	1482248681	0	239	239	210
Tue Dec 20 09:45:13 2016	1482248713	0	239	239	209
Tue Dec 20 09:49:52 2016	1482248992	0	239	240	210
Tue Dec 20 09:45:23 2016	1482248723	0	239	240	208
Tue Dec 20 09:50:03 2016	1482249003	0	239	240	210
Tue Dec 20 09:46:56 2016	1482248816	0	239	240	210
Tue Dec 20 09:45:56 2016	1482248756	0	240	240	209
Tue Dec 20 09:45:41 2016	1482248741	0	240	240	211
Tue Dec 20 09:46:28 2016	1482248788	0	240	240	209
Tue Dec 20 09:43:36 2016	1482248616	0	240	240	210
Tue Dec 20 09:41:57 2016	1482248517	0	240	240	209
Tue Dec 20 09:46:29 2016	1482248789	0	240	240	211
Tue Dec 20 09:46:20 2016	1482248780	0	240	240	211
Tue Dec 20 09:41:42 2016	1482248502	0	240	240	209
Tue Dec 20 09:46:00 2016	1482248760	0	240	240	211
Tue Dec 20 09:45:04 2016	1482248704	0	240	240	211
Tue Dec 20 09:46:16 2016	1482248776	0	240	240	210
Tue Dec 20 09:47:29 2016	1482248849	0	240	240	211
Tue Dec 20 09:46:10 2016	1482248770	0	240	241	210
Tue Dec 20 09:43:37 2016	1482248617	0	240	241	211
Tue Dec 20 09:44:44 2016	1482248684	0	241	241	210
Tue Dec 20 09:46:16 2016	1482248776	0	240	241	209
Tue Dec 20 09:43:12 2016	1482248592	0	241	241	211
Tue Dec 20 09:43:02 2016	1482248582	0	241	241	211
Tue Dec 20 09:43:13 2016	1482248593	0	241	241	213
Tue Dec 20 09:45:11 2016	1482248711	0	241	241	210
Tue Dec 20 09:47:11 2016	1482248831	0	241	241	213
Tue Dec 20 09:42:53 2016	1482248573	0	241	241	211
Tue Dec 20 09:47:41 2016	1482248861	0	241	241	210
Tue Dec 20 09:45:52 2016	1482248752	0	241	241	212
Tue Dec 20 09:43:47 2016	1482248627	0	241	241	210
Tue Dec 20 09:48:13 2016	1482248893	0	241	241	210
Tue Dec 20 09:41:47 2016	1482248507	0	241	241	210
Tue Dec 20 09:47:01 2016	1482248821	0	241	241	212
Tue Dec 20 09:44:40 2016	1482248680	0	241	241	211
Tue Dec 20 09:45:10 2016	1482248710	0	241	241	210
Tue Dec 20 09:41:43 2016	1482248503	0	241	241	210
Tue Dec 20 09:43:15 2016	1482248595	0	241	241	212
Tue Dec 20 09:41:49 2016	1482248509	0	241	241	211
Tue Dec 20 09:45:58 2016	1482248758	0	242	242	212
Tue Dec 20 09:49:50 2016	1482248990	0	242	242	213
Tue Dec 20 09:45:10 2016	1482248710	0	242	242	212
Tue Dec 20 09:46:12 2016	1482248772	0	242	242	212
Tue Dec 20 09:47:41 2016	1482248861	0	242	242	214
Tue Dec 20 09:45:51 2016	1482248751	0	242	242	213
Tue Dec 20 09:44:15 2016	1482248655	0	242	242	212
Tue Dec 20 09:45:41 2016	1482248741	0	242	242	213
Tue Dec 20 09:43:02 2016	1482248582	0	242	242	212
Tue Dec 20 09:47:00 2016	1482248820	0	242	242	213
Tue Dec 20 09:47:11 2016	1482248831	0	242	242	213
Tue Dec 20 09:45:22 2016	1482248722	0	242	242	210
Tue Dec 20 09:45:38 2016	1482248738	0	242	242	212
Tue Dec 20 09:47:10 2016	1482248830	0	242	242	214
Tue Dec 20 09:43:37 2016	1482248617	0	242	242	210
Tue Dec 20 09:44:45 2016	1482248685	0	242	242	213
Tue Dec 20 09:48:24 2016	1482248904	0	242	242	212
Tue Dec 20 09:45:50 2016	1482248750	0	242	242	213
Tue Dec 20 09:46:02 2016	1482248762	0	242	242	213
Tue Dec 20 09:43:36 2016	1482248616	0	242	242	212
Tue Dec 20 09:41:43 2016	1482248503	0	242	242	213
Tue Dec 20 09:45:23 2016	1482248723	0	242	242	213
Tue Dec 20 09:47:03 2016	1482248823	0	243	243	213
Tue Dec 20 09:43:39 2016	1482248619	0	243	243	214
Tue Dec 20 09:45:41 2016	1482248741	0	243	243	213
Tue Dec 20 09:47:10 2016	1482248830	0	243	243	214
Tue Dec 20 09:42:07 2016	1482248527	0	243	243	212
Tue Dec 20 09:46:09 2016	1482248769	0	243	243	214
Tue Dec 20 09:46:17 2016	1482248777	0	243	243	213
Tue Dec 20 09:46:09 2016	1482248769	0	243	243	213
Tue Dec 20 09:41:44 2016	1482248504	0	243	243	212
Tue Dec 20 09:43:48 2016	1482248628	0	243	243	213
Tue Dec 20 09:43:19 2016	1482248599	0	243	243	213
Tue Dec 20 09:43:35 2016	1482248615	0	243	243	212
Tue Dec 20 09:47:05 2016	1482248825	0	243	243	214
Tue Dec 20 09:43:56 2016	1482248636	0	243	243	214
Tue Dec 20 09:47:38 2016	1482248858	0	243	243	212
Tue Dec 20 09:43:31 2016	1482248611	0	243	243	213
Tue Dec 20 09:44:39 2016	1482248679	0	243	243	215
Tue Dec 20 09:47:29 2016	1482248849	0	243	243	214
Tue Dec 20 09:47:33 2016	1482248853	0	243	243	214
Tue Dec 20 09:48:20 2016	1482248900	0	243	243	216
Tue Dec 20 09:42:04 2016	1482248524	0	243	243	213
Tue Dec 20 09:44:32 2016	1482248672	0	243	244	213
Tue Dec 20 09:45:45 2016	1482248745	0	243	244	212
Tue Dec 20 09:43:38 2016	1482248618	0	243	244	214
Tue Dec 20 09:49:54 2016	1482248994	0	244	244	212
Tue Dec 20 09:47:21 2016	1482248841	0	244	244	215
Tue Dec 20 09:44:40 2016	1482248680	0	244	244	213
Tue Dec 20 09:42:47 2016	1482248567	0	244	244	213
Tue Dec 20 09:47:40 2016	1482248860	0	244	244	213
Tue Dec 20 09:45:53 2016	1482248753	0	244	244	215
Tue Dec 20 09:42:05 2016	1482248525	0	244	244	215
Tue Dec 20 09:46:18 2016	1482248778	0	244	244	215
Tue Dec 20 09:48:43 2016	1482248923	0	244	244	215
Tue Dec 20 09:45:29 2016	1482248729	0	244	244	212
Tue Dec 20 09:45:27 2016	1482248727	0	244	244	215
Tue Dec 20 09:45:04 2016	1482248704	0	244	244	213
Tue Dec 20 09:44:29 2016	1482248669	0	244	244	214
Tue Dec 20 09:43:34 2016	1482248614	0	244	244	213
Tue Dec 20 09:43:37 2016	1482248617	0	244	244	215
Tue Dec 20 09:42:21 2016	1482248541	0	244	244	214
Tue Dec 20 09:45:22 2016	1482248722	0	244	244	215
Tue Dec 20 09:45:42 2016	1482248742	0	244	244	215
Tue Dec 20 09:48:15 2016	1482248895	0	244	244	215
Tue Dec 20 09:42:35 2016	1482248555	0	244	244	213
Tue Dec 20 09:47:28 2016	1482248848	0	244	244	214
Tue Dec 20 09:43:54 2016	1482248634	0	244	244	214
Tue Dec 20 09:45:04 2016	1482248704	0	244	244	215
Tue Dec 20 09:47:27 2016	1482248847	0	244	245	214
Tue Dec 20 09:45:35 2016	1482248735	0	244	245	216
Tue Dec 20 09:46:04 2016	1482248764	0	244	245	215
Tue Dec 20 09:48:26 2016	1482248906	0	244	245	215
Tue Dec 20 09:42:28 2016	1482248548	0	245	245	216
Tue Dec 20 09:43:29 2016	1482248609	0	244	245	216
Tue Dec 20 09:43:48 2016	1482248628	0	244	245	214
Tue Dec 20 09:43:05 2016	1482248585	0	245	245	216
Tue Dec 20 09:42:08 2016	1482248528	0	245	245	213
Tue Dec 20 09:41:54 2016	1482248514	0	245	245	215
Tue Dec 20 09:44:02 2016	1482248642	0	245	245	215
Tue Dec 20 09:44:07 2016	1482248647	0	245	245	214
Tue Dec 20 09:44:21 2016	1482248661	0	245	245	216
Tue Dec 20 09:44:09 2016	1482248649	0	245	245	214
Tue Dec 20 09:45:48 2016	1482248748	0	245	245	215
Tue Dec 20 09:45:19 2016	1482248719	0	245	245	214
Tue Dec 20 09:46:36 2016	1482248796	0	245	245	217
Tue Dec 20 09:49:22 2016	1482248962	0	245	245	217
Tue Dec 20 09:45:42 2016	1482248742	0	245	245	216
Tue Dec 20 09:50:09 2016	1482249009	0	245	245	217
Tue Dec 20 09:43:51 2016	1482248631	0	245	245	216
Tue Dec 20 09:44:20 2016	1482248660	0	245	245	216
Tue Dec 20 09:45:09 2016	1482248709	0	245	245	215
Tue Dec 20 09:43:19 2016	1482248599	0	245	245	214
Tue Dec 20 09:44:05 2016	1482248645	0	245	246	215
Tue Dec 20 09:43:34 2016	1482248614	0	245	246	216
Tue Dec 20 09:43:57 2016	1482248637	0	245	246	215
Tue Dec 20 09:43:30 2016	1482248610	0	245	246	213
Tue Dec 20 09:49:24 2016	1482248964	0	246	246	216
Tue Dec 20 09:43:38 2016	1482248618	0	246	246	215
Tue Dec 20 09:43:20 2016	1482248600	0	246	246	215
Tue Dec 20 09:44:17 2016	1482248657	0	246	246	215
Tue Dec 20 09:46:10 2016	1482248770	0	246	246	217
Tue Dec 20 09:44:32 2016	1482248672	0	246	246	215
Tue Dec 20 09:43:57 2016	1482248637	0	246	246	215
Tue Dec 20 09:47:14 2016	1482248834	0	246	246	216
Tue Dec 20 09:42:22 2016	1482248542	0	246	246	212
Tue Dec 20 09:47:40 2016	1482248860	0	246	246	213
Tue Dec 20 09:43:53 2016	1482248633	0	246	246	215
Tue Dec 20 09:44:39 2016	1482248679	0	246	246	215
Tue Dec 20 09:48:26 2016	1482248906	0	246	246	217
Tue Dec 20 09:43:31 2016	1482248611	0	246	246	214
Tue Dec 20 09:45:36 2016	1482248736	0	246	246	216
Tue Dec 20 09:43:56 2016	1482248636	0	246	246	216
Tue Dec 20 09:49:10 2016	1482248950	0	246	246	218
Tue Dec 20 09:46:29 2016	1482248789	0	246	246	217
Tue Dec 20 09:45:37 2016	1482248737	0	246	246	216
Tue Dec 20 09:44:33 2016	1482248673	0	246	246	217
Tue Dec 20 09:43:18 2016	1482248598	0	246	246	216
Tue Dec 20 09:42:37 2016	1482248557	0	246	246	216
Tue Dec 20 09:48:07 2016	1482248887	0	246	246	216
Tue Dec 20 09:44:44 2016	1482248684	0	246	246	218
Tue Dec 20 09:44:05 2016	1482248645	0	246	246	217
Tue Dec 20 09:47:29 2016	1482248849	0	246	246	218
Tue Dec 20 09:44:31 2016	1482248671	0	246	246	213
Tue Dec 20 09:45:57 2016	1482248757	0	246	246	216
Tue Dec 20 09:45:19 2016	1482248719	0	246	247	215
Tue Dec 20 09:43:25 2016	1482248605	0	246	247	215
Tue Dec 20 09:47:29 2016	1482248849	0	247	247	215
Tue Dec 20 09:45:51 2016	1482248751	0	246	247	216
Tue Dec 20 09:43:12 2016	1482248592	0	246	247	217
Tue Dec 20 09:50:08 2016	1482249008	0	246	247	216
Tue Dec 20 09:50:00 2016	1482249000	0	247	247	218
Tue Dec 20 09:50:16 2016	1482249016	0	247	247	218
Tue Dec 20 09:42:54 2016	1482248574	0	247	247	217
Tue Dec 20 09:46:16 2016	1482248776	0	247	247	218
Tue Dec 20 09:46:33 2016	1482248793	0	247	247	217
Tue Dec 20 09:41:57 2016	1482248517	0	247	247	216
Tue Dec 20 09:49:03 2016	1482248943	0	247	247	217
Tue Dec 20 09:41:50 2016	1482248510	0	247	247	219
Tue Dec 20 09:42:21 2016	1482248541	0	247	247	217
Tue Dec 20 09:49:03 2016	1482248943	0	247	247	218
Tue Dec 20 09:41:58 2016	1482248518	0	247	247	213
Tue Dec 20 09:43:22 2016	1482248602	0	247	247	215
Tue Dec 20 09:45:37 2016	1482248737	0	247	247	217
Tue Dec 20 09:48:24 2016	1482248904	0	247	247	219
Tue Dec 20 09:44:13 2016	1482248653	0	247	247	217
Tue Dec 20 09:45:21 2016	1482248721	0	247	247	218
Tue Dec 20 09:44:29 2016	1482248669	0	247	247	216
Tue Dec 20 09:45:41 2016	1482248741	0	247	247	217
Tue Dec 20 09:42:33 2016	1482248553	0	247	247	217
Tue Dec 20 09:42:05 2016	1482248525	0	247	247	217
Tue Dec 20 09:42:19 2016	1482248539	0	247	247	217
Tue Dec 20 09:42:35 2016	1482248555	0	247	247	217
Tue Dec 20 09:46:09 2016	1482248769	0	247	247	216
Tue Dec 20 09:44:36 2016	1482248676	0	247	247	218
Tue Dec 20 09:46:54 2016	1482248814	0	247	248	217
Tue Dec 20 09:45:50 2016	1482248750	0	247	248	218
Tue Dec 20 09:43:56 2016	1482248636	0	247	248	218
Tue Dec 20 09:42:40 2016	1482248560	0	248	248	217
Tue Dec 20 09:48:40 2016	1482248920	0	248	248	218
Tue Dec 20 09:47:43 2016	1482248863	0	248	248	219
Tue Dec 20 09:42:12 2016	1482248532	0	248	248	218
Tue Dec 20 09:47:59 2016	1482248879	0	248	248	218
Tue Dec 20 09:43:55 2016	1482248635	0	248	248	216
Tue Dec 20 09:49:03 2016	1482248943	0	248	248	217
Tue Dec 20 09:44:33 2016	1482248673	0	248	248	218
Tue Dec 20 09:44:52 2016	1482248692	0	248	248	218
Tue Dec 20 09:44:24 2016	1482248664	0	248	248	217
Tue Dec 20 09:45:43 2016	1482248743	0	248	248	219
Tue Dec 20 09:42:12 2016	1482248532	0	248	248	219
Tue Dec 20 09:49:03 2016	1482248943	0	248	248	217
Tue Dec 20 09:48:52 2016	1482248932	0	248	248	220
Tue Dec 20 09:43:49 2016	1482248629	0	248	248	219
Tue Dec 20 09:45:25 2016	1482248725	0	248	248	218
Tue Dec 20 09:41:54 2016	1482248514	0	248	248	219
Tue Dec 20 09:43:15 2016	1482248595	0	248	248	217
Tue Dec 20 09:43:38 2016	1482248618	0	248	248	218
Tue Dec 20 09:49:42 2016	1482248982	0	248	248	219
Tue Dec 20 09:47:25 2016	1482248845	0	248	248	214
Tue Dec 20 09:42:05 2016	1482248525	0	248	248	218
Tue Dec 20 09:47:35 2016	1482248855	0	248	248	215
Tue Dec 20 09:42:11 2016	1482248531	0	248	249	218
Tue Dec 20 09:42:48 2016	1482248568	0	248	249	220
Tue Dec 20 09:47:42 2016	1482248862	0	248	249	220
Tue Dec 20 09:44:24 2016	1482248664	0	248	249	219
Tue Dec 20 09:43:30 2016	1482248610	0	249	249	218
Tue Dec 20 09:42:03 2016	1482248523	0	248	249	219
Tue Dec 20 09:49:25 2016	1482248965	0	249	249	219
Tue Dec 20 09:43:34 2016	1482248614	0	249	249	219
Tue Dec 20 09:48:30 2016	1482248910	0	249	249	220
Tue Dec 20 09:42:45 2016	1482248565	0	249	249	217
Tue Dec 20 09:41:45 2016	1482248505	0	249	249	219
Tue Dec 20 09:49:09 2016	1482248949	0	249	249	220
Tue Dec 20 09:45:51 2016	1482248751	0	249	249	219
Tue Dec 20 09:48:22 2016	1482248902	0	249	249	219
Tue Dec 20 09:42:39 2016	1482248559	0	249	249	218
Tue Dec 20 09:50:04 2016	1482249004	0	249	249	220
Tue Dec 20 09:44:39 2016	1482248679	0	249	249	220
Tue Dec 20 09:43:53 2016	1482248633	0	249	249	220
Tue Dec 20 09:44:30 2016	1482248670	0	249	249	220
Tue Dec 20 09:47:05 2016	1482248825	0	249	249	219
Tue Dec 20 09:42:06 2016	1482248526	0	249	249	218
Tue Dec 20 09:43:03 2016	1482248583	0	249	249	220
Tue Dec 20 09:42:33 2016	1482248553	0	249	250	215
Tue Dec 20 09:43:25 2016	1482248605	0	249	250	221
Tue Dec 20 09:49:54 2016	1482248994	0	249	250	222
Tue Dec 20 09:43:05 2016	1482248585	0	250	250	219
Tue Dec 20 09:48:27 2016	1482248907	0	249	250	220
Tue Dec 20 09:42:05 2016	1482248525	0	250	250	219
Tue Dec 20 09:45:41 2016	1482248741	0	250	250	221
Tue Dec 20 09:47:03 2016	1482248823	0	250	250	215
Tue Dec 20 09:47:08 2016	1482248828	0	250	250	218
Tue Dec 20 09:46:34 2016	1482248794	0	250	250	221
Tue Dec 20 09:43:02 2016	1482248582	0	250	250	219
Tue Dec 20 09:47:40 2016	1482248860	0	250	250	217
Tue Dec 20 09:46:22 2016	1482248782	0	250	250	218
Tue Dec 20 09:48:20 2016	1482248900	0	250	250	222
Tue Dec 20 09:48:02 2016	1482248882	0	250	250	219
Tue Dec 20 09:47:59 2016	1482248879	0	250	250	214
Tue Dec 20 09:49:16 2016	1482248956	0	250	250	222
Tue Dec 20 09:43:27 2016	1482248607	0	250	250	216
Tue Dec 20 09:44:05 2016	1482248645	0	250	250	221
Tue Dec 20 09:47:31 2016	1482248851	0	250	250	221
Tue Dec 20 09:42:39 2016	1482248559	0	250	250	219
Tue Dec 20 09:50:04 2016	1482249004	0	250	250	221
Tue Dec 20 09:48:52 2016	1482248932	0	250	250	221
Tue Dec 20 09:41:41 2016	1482248501	0	250	250	221
Tue Dec 20 09:44:48 2016	1482248688	0	250	250	220
Tue Dec 20 09:50:12 2016	1482249012	0	250	250	220
Tue Dec 20 09:44:13 2016	1482248653	0	250	251	219
Tue Dec 20 09:48:16 2016	1482248896	0	250	251	220
Tue Dec 20 09:49:16 2016	1482248956	0	251	251	220
Tue Dec 20 09:43:37 2016	1482248617	0	251	251	221
Tue Dec 20 09:42:08 2016	1482248528	0	251	251	222
Tue Dec 20 09:42:12 2016	1482248532	0	251	251	221
Tue Dec 20 09:49:25 2016	1482248965	0	251	251	221
Tue Dec 20 09:48:28 2016	1482248908	0	251	251	222
Tue Dec 20 09:46:57 2016	1482248817	0	251	251	222
Tue Dec 20 09:49:49 2016	1482248989	0	251	251	212
Tue Dec 20 09:48:33 2016	1482248913	0	251	251	222
Tue Dec 20 09:43:30 2016	1482248610	0	251	251	220
Tue Dec 20 09:47:12 2016	1482248832	0	251	251	220
Tue Dec 20 09:44:09 2016	1482248649	0	251	251	218
Tue Dec 20 09:49:48 2016	1482248988	0	251	251	221
Tue Dec 20 09:46:41 2016	1482248801	0	251	251	222
Tue Dec 20 09:49:48 2016	1482248988	0	252	252	222
Tue Dec 20 09:48:16 2016	1482248896	0	252	252	222
Tue Dec 20 09:44:18 2016	1482248658	0	252	252	213
Tue Dec 20 09:44:29 2016	1482248669	0	252	252	221
Tue Dec 20 09:46:28 2016	1482248788	0	252	252	222
Tue Dec 20 09:42:16 2016	1482248536	0	252	252	222
Tue Dec 20 09:43:13 2016	1482248593	0	252	252	220
Tue Dec 20 09:50:03 2016	1482249003	0	252	252	224
Tue Dec 20 09:43:51 2016	1482248631	0	252	252	217
Tue Dec 20 09:46:28 2016	1482248788	0	252	252	222
Tue Dec 20 09:48:02 2016	1482248882	0	252	252	223
Tue Dec 20 09:42:12 2016	1482248532	0	252	252	225
Tue Dec 20 09:42:53 2016	1482248573	0	252	252	224
Tue Dec 20 09:48:21 2016	1482248901	0	252	252	223
Tue Dec 20 09:48:54 2016	1482248934	0	252	252	224
Tue Dec 20 09:49:43 2016	1482248983	0	252	253	223
Tue Dec 20 09:43:05 2016	1482248585	0	253	253	223
Tue Dec 20 09:44:27 2016	1482248667	0	253	253	217
Tue Dec 20 09:42:37 2016	1482248557	0	252	253	223
Tue Dec 20 09:45:51 2016	1482248751	0	253	253	221
Tue Dec 20 09:42:56 2016	1482248576	0	253	253	223
Tue Dec 20 09:47:52 2016	1482248872	0	253	253	222
Tue Dec 20 09:42:30 2016	1482248550	0	253	253	219
Tue Dec 20 09:49:15 2016	1482248955	0	253	253	224
Tue Dec 20 09:43:54 2016	1482248634	0	253	253	222
Tue Dec 20 09:42:24 2016	1482248544	0	253	253	222
Tue Dec 20 09:42:51 2016	1482248571	0	253	253	224
Tue Dec 20 09:44:22 2016	1482248662	0	253	253	224
Tue Dec 20 09:42:38 2016	1482248558	0	253	253	223
Tue Dec 20 09:46:30 2016	1482248790	0	253	253	224
Tue Dec 20 09:47:43 2016	1482248863	0	253	253	225
Tue Dec 20 09:42:30 2016	1482248550	0	253	254	223
Tue Dec 20 09:46:37 2016	1482248797	0	254	254	222
Tue Dec 20 09:41:53 2016	1482248513	0	254	254	226
Tue Dec 20 09:47:13 2016	1482248833	0	254	254	225
Tue Dec 20 09:48:07 2016	1482248887	0	254	254	224
Tue Dec 20 09:44:21 2016	1482248661	0	254	254	219
Tue Dec 20 09:44:20 2016	1482248660	0	254	254	222
Tue Dec 20 09:43:07 2016	1482248587	0	254	255	226
Tue Dec 20 09:44:30 2016	1482248670	0	255	255	224
Tue Dec 20 09:50:06 2016	1482249006	0	254	255	226
Tue Dec 20 09:47:34 2016	1482248854	0	255	255	227
Tue Dec 20 09:48:04 2016	1482248884	0	255	255	226
Tue Dec 20 09:50:04 2016	1482249004	0	255	255	225
Tue Dec 20 09:44:22 2016	1482248662	0	255	255	221
Tue Dec 20 09:42:13 2016	1482248533	0	255	255	226
Tue Dec 20 09:48:49 2016	1482248929	0	255	255	226
Tue Dec 20 09:43:10 2016	1482248590	0	256	256	226
Tue Dec 20 09:47:33 2016	1482248853	0	256	256	228
Tue Dec 20 09:46:43 2016	1482248803	0	256	256	226
Tue Dec 20 09:49:02 2016	1482248942	0	256	256	226
Tue Dec 20 09:44:17 2016	1482248657	0	256	256	225
Tue Dec 20 09:43:10 2016	1482248590	0	256	256	226
Tue Dec 20 09:42:18 2016	1482248538	0	256	256	224
Tue Dec 20 09:46:43 2016	1482248803	0	256	256	228
Tue Dec 20 09:50:12 2016	1482249012	0	257	257	228
Tue Dec 20 09:44:26 2016	1482248666	0	257	257	226
Tue Dec 20 09:44:19 2016	1482248659	0	257	257	222
Tue Dec 20 09:48:22 2016	1482248902	0	257	257	229
Tue Dec 20 09:47:10 2016	1482248830	0	257	257	228
Tue Dec 20 09:48:37 2016	1482248917	0	257	257	228
Tue Dec 20 09:46:52 2016	1482248812	0	257	257	228
Tue Dec 20 09:42:04 2016	1482248524	0	257	257	227
Tue Dec 20 09:42:10 2016	1482248530	0	257	257	223
Tue Dec 20 09:48:27 2016	1482248907	0	258	258	228
Tue Dec 20 09:42:13 2016	1482248533	0	258	258	228
Tue Dec 20 09:43:55 2016	1482248635	0	258	258	222
Tue Dec 20 09:44:52 2016	1482248692	0	258	258	230
Tue Dec 20 09:42:17 2016	1482248537	0	258	258	220
Tue Dec 20 09:44:00 2016	1482248640	0	258	259	228
Tue Dec 20 09:48:09 2016	1482248889	0	258	259	230
Tue Dec 20 09:49:15 2016	1482248955	0	259	259	231
Tue Dec 20 09:45:43 2016	1482248743	0	259	259	230
Tue Dec 20 09:45:57 2016	1482248757	0	259	259	230
Tue Dec 20 09:44:21 2016	1482248661	0	259	259	228
Tue Dec 20 09:48:52 2016	1482248932	0	260	260	230
Tue Dec 20 09:47:10 2016	1482248830	0	260	260	229
Tue Dec 20 09:49:46 2016	1482248986	0	260	260	229
Tue Dec 20 09:41:49 2016	1482248509	0	260	260	230
Tue Dec 20 09:46:13 2016	1482248773	0	260	260	231
Tue Dec 20 09:49:59 2016	1482248999	0	260	260	231
Tue Dec 20 09:42:51 2016	1482248571	0	261	261	229
Tue Dec 20 09:50:16 2016	1482249016	0	261	261	232
Tue Dec 20 09:48:08 2016	1482248888	0	262	262	233
Tue Dec 20 09:47:37 2016	1482248857	0	262	262	232
Tue Dec 20 09:44:18 2016	1482248658	0	262	262	227
Tue Dec 20 09:43:39 2016	1482248619	0	262	262	231
Tue Dec 20 09:47:11 2016	1482248831	0	262	262	232
Tue Dec 20 09:47:34 2016	1482248854	0	262	262	232
Tue Dec 20 09:48:26 2016	1482248906	0	262	262	233
Tue Dec 20 09:48:18 2016	1482248898	0	262	262	229
Tue Dec 20 09:45:29 2016	1482248729	0	263	263	232
Tue Dec 20 09:49:35 2016	1482248975	0	263	263	234
Tue Dec 20 09:43:36 2016	1482248616	0	263	263	231
Tue Dec 20 09:46:34 2016	1482248794	0	263	263	232
Tue Dec 20 09:43:15 2016	1482248595	0	263	263	234
Tue Dec 20 09:47:21 2016	1482248841	0	263	263	234
Tue Dec 20 09:42:47 2016	1482248567	0	263	263	228
Tue Dec 20 09:50:02 2016	1482249002	0	263	263	233
Tue Dec 20 09:49:14 2016	1482248954	0	263	263	230
Tue Dec 20 09:41:54 2016	1482248514	0	263	263	231
Tue Dec 20 09:44:13 2016	1482248653	0	263	263	233
Tue Dec 20 09:48:29 2016	1482248909	0	264	264	234
Tue Dec 20 09:50:04 2016	1482249004	0	264	264	236
Tue Dec 20 09:47:06 2016	1482248826	0	264	264	234
Tue Dec 20 09:42:37 2016	1482248557	0	264	264	236
Tue Dec 20 09:42:22 2016	1482248542	0	264	264	234
Tue Dec 20 09:42:28 2016	1482248548	0	264	264	236
Tue Dec 20 09:44:25 2016	1482248665	0	264	264	234
Tue Dec 20 09:48:42 2016	1482248922	0	265	265	236
Tue Dec 20 09:43:02 2016	1482248582	0	266	266	232
Tue Dec 20 09:43:45 2016	1482248625	0	266	266	236
Tue Dec 20 09:50:13 2016	1482249013	0	266	266	238
Tue Dec 20 09:49:12 2016	1482248952	0	266	266	237
Tue Dec 20 09:46:02 2016	1482248762	0	267	267	235
Tue Dec 20 09:49:31 2016	1482248971	0	268	268	238
Tue Dec 20 09:47:41 2016	1482248861	0	268	268	239
Tue Dec 20 09:50:10 2016	1482249010	1	267	268	238
Tue Dec 20 09:49:07 2016	1482248947	0	268	268	240
Tue Dec 20 09:47:33 2016	1482248853	0	268	268	232
Tue Dec 20 09:43:27 2016	1482248607	0	269	270	237
Tue Dec 20 09:45:09 2016	1482248709	0	270	270	228
Tue Dec 20 09:44:18 2016	1482248658	0	270	271	233
Tue Dec 20 09:47:34 2016	1482248854	0	271	271	241
Tue Dec 20 09:47:47 2016	1482248867	0	271	271	243
Tue Dec 20 09:50:07 2016	1482249007	0	272	272	241
Tue Dec 20 09:49:54 2016	1482248994	0	272	272	242
Tue Dec 20 09:49:26 2016	1482248966	0	272	272	226
Tue Dec 20 09:48:26 2016	1482248906	0	272	272	226
Tue Dec 20 09:41:55 2016	1482248515	0	272	272	237
Tue Dec 20 09:46:17 2016	1482248777	0	273	273	242
Tue Dec 20 09:49:24 2016	1482248964	0	274	274	242
Tue Dec 20 09:48:17 2016	1482248897	0	275	275	234
Tue Dec 20 09:43:38 2016	1482248618	0	275	275	238
Tue Dec 20 09:48:43 2016	1482248923	0	275	275	244
Tue Dec 20 09:41:48 2016	1482248508	0	276	276	238
Tue Dec 20 09:41:41 2016	1482248501	0	276	276	247
Tue Dec 20 09:43:31 2016	1482248611	0	276	276	247
Tue Dec 20 09:49:06 2016	1482248946	0	276	276	229
Tue Dec 20 09:45:59 2016	1482248759	0	276	276	243
Tue Dec 20 09:43:43 2016	1482248623	0	277	277	248
Tue Dec 20 09:47:58 2016	1482248878	0	277	277	248
Tue Dec 20 09:41:51 2016	1482248511	0	277	277	247
Tue Dec 20 09:48:49 2016	1482248929	0	277	277	243
Tue Dec 20 09:47:59 2016	1482248879	0	277	278	247
Tue Dec 20 09:47:37 2016	1482248857	0	278	278	249
Tue Dec 20 09:45:38 2016	1482248738	0	278	278	248
Tue Dec 20 09:49:19 2016	1482248959	0	278	278	240
Tue Dec 20 09:45:08 2016	1482248708	0	278	278	248
Tue Dec 20 09:46:19 2016	1482248779	0	279	279	249
Tue Dec 20 09:44:37 2016	1482248677	0	279	279	247
Tue Dec 20 09:46:25 2016	1482248785	0	279	279	248
Tue Dec 20 09:48:32 2016	1482248912	0	280	280	248
Tue Dec 20 09:41:42 2016	1482248502	0	281	281	250
Tue Dec 20 09:48:09 2016	1482248889	0	281	281	248
Tue Dec 20 09:50:06 2016	1482249006	0	281	281	251
Tue Dec 20 09:49:31 2016	1482248971	0	281	281	252
Tue Dec 20 09:49:15 2016	1482248955	0	282	282	249
Tue Dec 20 09:49:23 2016	1482248963	0	283	283	254
Tue Dec 20 09:46:37 2016	1482248797	0	283	283	251
Tue Dec 20 09:49:43 2016	1482248983	0	284	284	248
Tue Dec 20 09:49:49 2016	1482248989	0	285	285	249
Tue Dec 20 09:49:16 2016	1482248956	0	285	285	253
Tue Dec 20 09:49:15 2016	1482248955	0	285	285	251
Tue Dec 20 09:43:54 2016	1482248634	0	286	286	243
Tue Dec 20 09:44:18 2016	1482248658	0	286	286	246
Tue Dec 20 09:49:08 2016	1482248948	0	287	287	245
Tue Dec 20 09:49:04 2016	1482248944	0	287	287	244
Tue Dec 20 09:44:17 2016	1482248657	0	287	287	252
Tue Dec 20 09:48:35 2016	1482248915	0	288	288	243
Tue Dec 20 09:49:27 2016	1482248967	0	288	289	254
Tue Dec 20 09:49:52 2016	1482248992	0	290	290	253
Tue Dec 20 09:48:53 2016	1482248933	0	290	290	237
Tue Dec 20 09:50:08 2016	1482249008	0	290	290	247
Tue Dec 20 09:48:38 2016	1482248918	0	291	291	257
Tue Dec 20 09:44:22 2016	1482248662	0	292	292	245
Tue Dec 20 09:47:55 2016	1482248875	0	293	293	257
Tue Dec 20 09:48:05 2016	1482248885	0	294	294	260
Tue Dec 20 09:49:19 2016	1482248959	0	295	296	266
Tue Dec 20 09:45:32 2016	1482248732	0	295	296	257
Tue Dec 20 09:46:25 2016	1482248785	0	296	296	261
Tue Dec 20 09:47:17 2016	1482248837	0	298	298	266
Tue Dec 20 09:45:23 2016	1482248723	0	298	298	264
Tue Dec 20 09:49:01 2016	1482248941	0	298	299	270
Tue Dec 20 09:45:32 2016	1482248732	0	299	299	260
Tue Dec 20 09:50:00 2016	1482249000	0	299	299	270
Tue Dec 20 09:49:48 2016	1482248988	0	299	300	268
Tue Dec 20 09:48:57 2016	1482248937	0	301	301	272
Tue Dec 20 09:46:46 2016	1482248806	0	302	302	269
Tue Dec 20 09:50:15 2016	1482249015	0	303	303	226
Tue Dec 20 09:49:46 2016	1482248986	0	304	304	265
Tue Dec 20 09:50:10 2016	1482249010	0	304	304	235
Tue Dec 20 09:45:34 2016	1482248734	0	305	305	258
Tue Dec 20 09:47:44 2016	1482248864	0	306	306	263
Tue Dec 20 09:46:50 2016	1482248810	0	306	306	254
Tue Dec 20 09:48:43 2016	1482248923	0	308	308	226
Tue Dec 20 09:47:50 2016	1482248870	0	308	308	276
Tue Dec 20 09:49:32 2016	1482248972	0	309	309	239
Tue Dec 20 09:49:46 2016	1482248986	0	310	311	281
Tue Dec 20 09:50:10 2016	1482249010	0	314	314	282
Tue Dec 20 09:49:23 2016	1482248963	0	316	316	281
Tue Dec 20 09:49:08 2016	1482248948	0	321	321	290
Tue Dec 20 09:49:50 2016	1482248990	0	326	326	289
Tue Dec 20 09:49:14 2016	1482248954	0	329	329	299
Tue Dec 20 09:43:55 2016	1482248635	0	330	330	289
Tue Dec 20 09:42:58 2016	1482248578	0	332	333	202
Tue Dec 20 09:49:24 2016	1482248964	0	338	338	299
Tue Dec 20 09:49:14 2016	1482248954	0	339	339	290
Tue Dec 20 09:50:14 2016	1482249014	0	341	341	207
Tue Dec 20 09:48:28 2016	1482248908	0	342	342	208
Tue Dec 20 09:44:52 2016	1482248692	0	342	342	210
Tue Dec 20 09:46:20 2016	1482248780	0	342	343	210
Tue Dec 20 09:44:29 2016	1482248669	0	343	343	210
Tue Dec 20 09:45:49 2016	1482248749	0	344	344	210
Tue Dec 20 09:46:10 2016	1482248770	0	344	344	211
Tue Dec 20 09:45:16 2016	1482248716	0	344	344	213
Tue Dec 20 09:45:14 2016	1482248714	0	344	344	212
Tue Dec 20 09:45:09 2016	1482248709	0	344	345	213
Tue Dec 20 09:49:25 2016	1482248965	0	345	345	266
Tue Dec 20 09:45:59 2016	1482248759	0	345	345	213
Tue Dec 20 09:48:53 2016	1482248933	0	345	345	212
Tue Dec 20 09:43:56 2016	1482248636	0	345	345	213
Tue Dec 20 09:47:00 2016	1482248820	0	346	346	210
Tue Dec 20 09:45:53 2016	1482248753	0	346	346	215
Tue Dec 20 09:46:17 2016	1482248777	0	346	346	214
Tue Dec 20 09:47:16 2016	1482248836	0	346	346	213
Tue Dec 20 09:46:13 2016	1482248773	0	346	346	213
Tue Dec 20 09:43:42 2016	1482248622	0	346	347	211
Tue Dec 20 09:45:50 2016	1482248750	0	346	347	213
Tue Dec 20 09:45:25 2016	1482248725	0	347	347	214
Tue Dec 20 09:43:43 2016	1482248623	0	347	347	214
Tue Dec 20 09:43:00 2016	1482248580	0	347	347	210
Tue Dec 20 09:49:42 2016	1482248982	0	347	347	303
Tue Dec 20 09:41:44 2016	1482248504	0	347	348	213
Tue Dec 20 09:44:55 2016	1482248695	0	347	348	216
Tue Dec 20 09:44:43 2016	1482248683	0	348	348	213
Tue Dec 20 09:47:41 2016	1482248861	0	348	348	214
Tue Dec 20 09:47:33 2016	1482248853	0	348	348	209
Tue Dec 20 09:45:28 2016	1482248728	0	348	348	216
Tue Dec 20 09:46:12 2016	1482248772	0	348	348	216
Tue Dec 20 09:44:13 2016	1482248653	0	348	348	213
Tue Dec 20 09:43:07 2016	1482248587	0	348	349	215
Tue Dec 20 09:44:25 2016	1482248665	0	349	349	215
Tue Dec 20 09:50:01 2016	1482249001	0	349	349	215
Tue Dec 20 09:41:57 2016	1482248517	0	350	350	214
Tue Dec 20 09:42:03 2016	1482248523	0	350	350	219
Tue Dec 20 09:45:42 2016	1482248742	0	350	350	215
Tue Dec 20 09:46:28 2016	1482248788	0	350	351	217
Tue Dec 20 09:48:42 2016	1482248922	0	351	351	216
Tue Dec 20 09:42:11 2016	1482248531	0	351	352	216
Tue Dec 20 09:49:29 2016	1482248969	0	352	352	310
Tue Dec 20 09:43:32 2016	1482248612	0	352	352	216
Tue Dec 20 09:46:41 2016	1482248801	0	352	353	218
Tue Dec 20 09:46:22 2016	1482248782	0	353	353	219
Tue Dec 20 09:44:21 2016	1482248661	0	353	353	218
Tue Dec 20 09:48:27 2016	1482248907	0	353	353	220
Tue Dec 20 09:50:14 2016	1482249014	0	353	353	218
Tue Dec 20 09:47:42 2016	1482248862	0	353	353	220
Tue Dec 20 09:44:02 2016	1482248642	0	353	353	218
Tue Dec 20 09:44:32 2016	1482248672	0	353	353	221
Tue Dec 20 09:42:51 2016	1482248571	0	353	353	220
Tue Dec 20 09:46:22 2016	1482248782	0	354	354	214
Tue Dec 20 09:44:28 2016	1482248668	0	354	354	221
Tue Dec 20 09:46:37 2016	1482248797	0	354	354	216
Tue Dec 20 09:46:53 2016	1482248813	0	354	355	220
Tue Dec 20 09:45:35 2016	1482248735	0	355	355	221
Tue Dec 20 09:42:25 2016	1482248545	0	355	355	218
Tue Dec 20 09:42:42 2016	1482248562	0	355	355	218
Tue Dec 20 09:49:43 2016	1482248983	0	355	355	223
Tue Dec 20 09:46:38 2016	1482248798	0	355	355	220
Tue Dec 20 09:47:00 2016	1482248820	0	356	356	219
Tue Dec 20 09:47:50 2016	1482248870	0	356	356	224
Tue Dec 20 09:48:43 2016	1482248923	0	356	356	222
Tue Dec 20 09:42:33 2016	1482248553	0	356	357	222
Tue Dec 20 09:42:26 2016	1482248546	0	357	357	225
Tue Dec 20 09:48:01 2016	1482248881	0	357	358	307
Tue Dec 20 09:46:36 2016	1482248796	0	358	358	221
Tue Dec 20 09:47:38 2016	1482248858	0	358	358	224
Tue Dec 20 09:41:43 2016	1482248503	0	358	358	223
Tue Dec 20 09:41:53 2016	1482248513	0	358	358	225
Tue Dec 20 09:47:11 2016	1482248831	0	360	360	325
Tue Dec 20 09:48:54 2016	1482248934	0	360	360	226
Tue Dec 20 09:47:30 2016	1482248850	0	362	362	327
Tue Dec 20 09:43:11 2016	1482248591	0	362	362	222
Tue Dec 20 09:45:05 2016	1482248705	0	362	362	229
Tue Dec 20 09:46:56 2016	1482248816	0	363	363	327
Tue Dec 20 09:47:42 2016	1482248862	0	363	363	328
Tue Dec 20 09:43:35 2016	1482248615	0	364	364	229
Tue Dec 20 09:43:41 2016	1482248621	0	364	364	232
Tue Dec 20 09:48:06 2016	1482248886	0	364	364	321
Tue Dec 20 09:42:28 2016	1482248548	0	364	364	231
Tue Dec 20 09:47:08 2016	1482248828	0	364	364	328
Tue Dec 20 09:47:03 2016	1482248823	0	365	365	232
Tue Dec 20 09:49:43 2016	1482248983	0	366	366	331
Tue Dec 20 09:46:29 2016	1482248789	0	366	366	232
Tue Dec 20 09:46:00 2016	1482248760	0	366	366	229
Tue Dec 20 09:49:17 2016	1482248957	0	366	366	332
Tue Dec 20 09:44:20 2016	1482248660	0	367	367	231
Tue Dec 20 09:43:21 2016	1482248601	0	367	367	221
Tue Dec 20 09:48:42 2016	1482248922	0	368	368	333
Tue Dec 20 09:44:19 2016	1482248659	0	368	368	237
Tue Dec 20 09:47:44 2016	1482248864	0	368	368	233
Tue Dec 20 09:44:53 2016	1482248693	0	368	368	234
Tue Dec 20 09:45:29 2016	1482248729	0	369	370	205
Tue Dec 20 09:49:35 2016	1482248975	0	370	370	336
Tue Dec 20 09:46:41 2016	1482248801	0	370	370	335
Tue Dec 20 09:44:19 2016	1482248659	0	372	372	234
Tue Dec 20 09:48:16 2016	1482248896	0	372	372	336
Tue Dec 20 09:48:37 2016	1482248917	0	374	375	344
Tue Dec 20 09:46:57 2016	1482248817	0	375	375	242
Tue Dec 20 09:44:25 2016	1482248665	0	376	376	243
Tue Dec 20 09:47:35 2016	1482248855	0	378	378	339
Tue Dec 20 09:45:17 2016	1482248717	0	379	379	212
Tue Dec 20 09:50:11 2016	1482249011	0	379	379	341
Tue Dec 20 09:43:12 2016	1482248592	0	379	380	220
Tue Dec 20 09:47:57 2016	1482248877	0	380	380	245
Tue Dec 20 09:44:33 2016	1482248673	0	380	381	344
Tue Dec 20 09:42:42 2016	1482248562	0	381	381	241
Tue Dec 20 09:47:23 2016	1482248843	0	381	381	347
Tue Dec 20 09:48:32 2016	1482248912	0	382	382	348
Tue Dec 20 09:48:54 2016	1482248934	0	383	383	337
Tue Dec 20 09:48:37 2016	1482248917	0	384	384	334
Tue Dec 20 09:43:39 2016	1482248619	0	384	384	247
Tue Dec 20 09:49:32 2016	1482248972	0	386	386	351
Tue Dec 20 09:49:34 2016	1482248974	0	387	388	350
Tue Dec 20 09:49:10 2016	1482248950	0	389	389	253
Tue Dec 20 09:48:28 2016	1482248908	0	390	390	255
Tue Dec 20 09:46:52 2016	1482248812	0	392	393	340
Tue Dec 20 09:44:00 2016	1482248640	0	394	395	214
Tue Dec 20 09:47:21 2016	1482248841	0	395	395	216
Tue Dec 20 09:45:02 2016	1482248702	0	395	396	219
Tue Dec 20 09:48:30 2016	1482248910	0	396	396	362
Tue Dec 20 09:44:42 2016	1482248682	0	396	396	353
Tue Dec 20 09:47:43 2016	1482248863	0	398	398	216
Tue Dec 20 09:48:53 2016	1482248933	0	398	399	362
Tue Dec 20 09:48:12 2016	1482248892	0	399	399	364
Tue Dec 20 09:43:05 2016	1482248585	0	399	399	220
Tue Dec 20 09:43:18 2016	1482248598	0	400	400	216
Tue Dec 20 09:47:23 2016	1482248843	0	400	401	222
Tue Dec 20 09:49:35 2016	1482248975	0	403	403	269
Tue Dec 20 09:48:00 2016	1482248880	0	404	404	326
Tue Dec 20 09:49:49 2016	1482248989	0	409	409	273
Tue Dec 20 09:45:35 2016	1482248735	0	414	414	253
Tue Dec 20 09:48:55 2016	1482248935	0	415	415	344
Tue Dec 20 09:47:36 2016	1482248856	0	418	419	283
Tue Dec 20 09:48:25 2016	1482248905	0	421	421	276
Tue Dec 20 09:47:49 2016	1482248869	0	433	434	296
Tue Dec 20 09:45:21 2016	1482248721	0	442	442	209
Tue Dec 20 09:42:48 2016	1482248568	0	444	444	209
Tue Dec 20 09:47:22 2016	1482248842	0	445	445	210
Tue Dec 20 09:44:57 2016	1482248697	0	445	446	210
Tue Dec 20 09:45:26 2016	1482248726	0	447	447	211
Tue Dec 20 09:44:51 2016	1482248691	0	449	449	214
Tue Dec 20 09:45:22 2016	1482248722	0	451	451	212
Tue Dec 20 09:45:36 2016	1482248736	0	451	451	215
Tue Dec 20 09:49:32 2016	1482248972	0	451	451	412
Tue Dec 20 09:46:03 2016	1482248763	0	452	453	217
Tue Dec 20 09:47:02 2016	1482248822	0	452	453	215
Tue Dec 20 09:41:57 2016	1482248517	0	453	453	214
Tue Dec 20 09:42:41 2016	1482248561	0	453	453	215
Tue Dec 20 09:43:41 2016	1482248621	0	454	454	215
Tue Dec 20 09:48:31 2016	1482248911	0	454	455	215
Tue Dec 20 09:44:31 2016	1482248671	0	455	455	221
Tue Dec 20 09:45:48 2016	1482248748	0	455	455	215
Tue Dec 20 09:44:10 2016	1482248650	0	455	456	222
Tue Dec 20 09:43:10 2016	1482248590	0	456	456	221
Tue Dec 20 09:44:15 2016	1482248655	0	457	457	217
Tue Dec 20 09:46:23 2016	1482248783	0	458	458	218
Tue Dec 20 09:43:14 2016	1482248594	0	459	459	219
Tue Dec 20 09:43:31 2016	1482248611	0	460	460	220
Tue Dec 20 09:43:19 2016	1482248599	0	460	460	212
Tue Dec 20 09:44:42 2016	1482248682	0	462	462	213
Tue Dec 20 09:48:05 2016	1482248885	0	465	465	332
Tue Dec 20 09:48:21 2016	1482248901	0	466	466	328
Tue Dec 20 09:48:59 2016	1482248939	0	467	467	231
Tue Dec 20 09:49:23 2016	1482248963	0	468	468	230
Tue Dec 20 09:43:25 2016	1482248605	0	469	469	232
Tue Dec 20 09:47:07 2016	1482248827	0	470	470	236
Tue Dec 20 09:48:21 2016	1482248901	0	471	471	332
Tue Dec 20 09:42:13 2016	1482248533	0	473	473	215
Tue Dec 20 09:47:35 2016	1482248855	0	480	480	337
Tue Dec 20 09:48:09 2016	1482248889	0	480	480	240
Tue Dec 20 09:45:03 2016	1482248703	0	483	483	212
Tue Dec 20 09:48:33 2016	1482248913	0	483	483	214
Tue Dec 20 09:49:29 2016	1482248969	0	487	487	248
Tue Dec 20 09:42:39 2016	1482248559	0	491	491	217
Tue Dec 20 09:42:49 2016	1482248569	0	499	499	213
Tue Dec 20 09:46:45 2016	1482248805	0	504	505	361
Tue Dec 20 09:49:10 2016	1482248950	0	521	522	276
Tue Dec 20 09:48:14 2016	1482248894	0	524	524	394
Tue Dec 20 09:49:38 2016	1482248978	0	526	526	286
Tue Dec 20 09:47:58 2016	1482248878	0	547	547	205
Tue Dec 20 09:50:12 2016	1482249012	0	548	548	209
Tue Dec 20 09:41:50 2016	1482248510	0	552	553	213
Tue Dec 20 09:42:04 2016	1482248524	0	553	553	213
Tue Dec 20 09:47:36 2016	1482248856	0	555	555	413
Tue Dec 20 09:43:46 2016	1482248626	0	555	555	214
Tue Dec 20 09:47:22 2016	1482248842	0	556	556	216
Tue Dec 20 09:41:49 2016	1482248509	0	564	564	219
Tue Dec 20 09:45:37 2016	1482248737	0	570	570	229
Tue Dec 20 09:49:22 2016	1482248962	0	570	570	235
Tue Dec 20 09:47:25 2016	1482248845	0	572	572	233
Tue Dec 20 09:44:44 2016	1482248684	0	581	581	212
Tue Dec 20 09:41:58 2016	1482248518	0	582	583	234
Tue Dec 20 09:43:09 2016	1482248589	0	584	584	240
Tue Dec 20 09:50:15 2016	1482249015	0	586	586	244
Tue Dec 20 09:43:43 2016	1482248623	0	588	588	223
Tue Dec 20 09:41:41 2016	1482248501	0	590	590	351
Tue Dec 20 09:42:00 2016	1482248520	0	590	590	213
Tue Dec 20 09:48:06 2016	1482248886	0	591	591	233
Tue Dec 20 09:45:32 2016	1482248732	0	596	596	251
Tue Dec 20 09:47:16 2016	1482248836	0	602	603	260
Tue Dec 20 09:46:44 2016	1482248804	0	614	614	468
Tue Dec 20 09:42:42 2016	1482248562	0	649	649	210
Tue Dec 20 09:43:47 2016	1482248627	0	650	650	211
Tue Dec 20 09:43:53 2016	1482248633	0	652	652	212
Tue Dec 20 09:43:29 2016	1482248609	0	653	653	213
Tue Dec 20 09:45:20 2016	1482248720	0	653	653	213
Tue Dec 20 09:43:47 2016	1482248627	0	653	653	214
Tue Dec 20 09:41:43 2016	1482248503	0	657	657	212
Tue Dec 20 09:41:54 2016	1482248514	0	660	660	213
Tue Dec 20 09:43:35 2016	1482248615	0	660	660	212
Tue Dec 20 09:45:03 2016	1482248703	0	661	661	218
Tue Dec 20 09:43:09 2016	1482248589	0	663	663	221
Tue Dec 20 09:45:30 2016	1482248730	0	664	664	214
Tue Dec 20 09:43:11 2016	1482248591	0	665	665	223
Tue Dec 20 09:42:58 2016	1482248578	0	670	670	222
Tue Dec 20 09:47:57 2016	1482248877	0	671	672	231
Tue Dec 20 09:45:26 2016	1482248726	0	688	688	209
Tue Dec 20 09:45:44 2016	1482248744	0	691	692	218
Tue Dec 20 09:47:18 2016	1482248838	0	693	693	350
Tue Dec 20 09:46:53 2016	1482248813	0	694	694	251
Tue Dec 20 09:47:28 2016	1482248848	0	702	702	257
Tue Dec 20 09:49:41 2016	1482248981	0	714	714	268
Tue Dec 20 09:44:37 2016	1482248677	0	749	749	205
Tue Dec 20 09:43:45 2016	1482248625	0	754	754	213
Tue Dec 20 09:45:15 2016	1482248715	0	756	756	212
Tue Dec 20 09:41:45 2016	1482248505	0	756	756	210
Tue Dec 20 09:47:59 2016	1482248879	0	757	757	212
Tue Dec 20 09:42:50 2016	1482248570	0	758	759	211
Tue Dec 20 09:45:47 2016	1482248747	0	759	759	214
Tue Dec 20 09:44:26 2016	1482248666	0	760	760	214
Tue Dec 20 09:50:09 2016	1482249009	0	760	760	214
Tue Dec 20 09:42:21 2016	1482248541	0	760	760	215
Tue Dec 20 09:50:10 2016	1482249010	0	761	761	216
Tue Dec 20 09:42:15 2016	1482248535	0	761	761	222
Tue Dec 20 09:42:54 2016	1482248574	0	762	762	216
Tue Dec 20 09:46:07 2016	1482248767	0	762	762	218
Tue Dec 20 09:41:47 2016	1482248507	0	765	765	211
Tue Dec 20 09:48:16 2016	1482248896	0	765	765	220
Tue Dec 20 09:44:42 2016	1482248682	0	766	766	216
Tue Dec 20 09:49:44 2016	1482248984	0	766	767	221
Tue Dec 20 09:43:50 2016	1482248630	0	770	770	224
Tue Dec 20 09:50:01 2016	1482249001	0	772	772	229
Tue Dec 20 09:42:38 2016	1482248558	0	773	774	216
Tue Dec 20 09:49:25 2016	1482248965	0	780	780	233
Tue Dec 20 09:48:39 2016	1482248919	0	786	786	239
Tue Dec 20 09:47:05 2016	1482248825	0	786	787	241
Tue Dec 20 09:48:31 2016	1482248911	0	802	802	239
Tue Dec 20 09:49:07 2016	1482248947	0	807	807	233
Tue Dec 20 09:49:40 2016	1482248980	0	807	808	266
Tue Dec 20 09:49:40 2016	1482248980	0	832	832	285
Tue Dec 20 09:46:51 2016	1482248811	0	853	853	392
Tue Dec 20 09:47:19 2016	1482248839	0	859	860	310
Tue Dec 20 09:42:49 2016	1482248569	0	861	861	217
Tue Dec 20 09:49:21 2016	1482248961	0	862	862	211
Tue Dec 20 09:48:14 2016	1482248894	0	863	863	309
Tue Dec 20 09:47:27 2016	1482248847	0	862	863	212
Tue Dec 20 09:41:51 2016	1482248511	0	866	866	215
Tue Dec 20 09:49:09 2016	1482248949	0	866	866	316
Tue Dec 20 09:47:20 2016	1482248840	0	866	866	218
Tue Dec 20 09:42:32 2016	1482248552	0	866	866	219
Tue Dec 20 09:49:54 2016	1482248994	0	867	867	217
Tue Dec 20 09:43:08 2016	1482248588	0	867	867	213
Tue Dec 20 09:41:59 2016	1482248519	0	867	868	213
Tue Dec 20 09:43:41 2016	1482248621	0	868	868	219
Tue Dec 20 09:42:47 2016	1482248567	0	868	868	221
Tue Dec 20 09:45:00 2016	1482248700	0	870	870	217
Tue Dec 20 09:49:28 2016	1482248968	0	871	871	218
Tue Dec 20 09:48:19 2016	1482248899	0	871	871	218
Tue Dec 20 09:47:55 2016	1482248875	0	875	876	297
Tue Dec 20 09:46:44 2016	1482248804	0	876	876	218
Tue Dec 20 09:47:56 2016	1482248876	0	884	884	234
Tue Dec 20 09:45:19 2016	1482248719	0	896	896	207
Tue Dec 20 09:46:59 2016	1482248819	0	896	896	247
Tue Dec 20 09:47:54 2016	1482248874	0	897	897	242
Tue Dec 20 09:46:13 2016	1482248773	0	900	900	245
Tue Dec 20 09:48:04 2016	1482248884	0	903	903	254
Tue Dec 20 09:42:46 2016	1482248566	0	908	908	213
Tue Dec 20 09:49:06 2016	1482248946	0	914	914	215
Tue Dec 20 09:48:48 2016	1482248928	0	939	940	254
Tue Dec 20 09:49:37 2016	1482248977	0	943	943	295
Tue Dec 20 09:48:00 2016	1482248880	0	950	950	237
Tue Dec 20 09:47:13 2016	1482248833	0	956	956	304
Tue Dec 20 09:45:10 2016	1482248710	0	959	959	208
Tue Dec 20 09:44:46 2016	1482248686	0	963	963	210
Tue Dec 20 09:49:55 2016	1482248995	0	964	964	305
Tue Dec 20 09:45:58 2016	1482248758	0	967	967	212
Tue Dec 20 09:48:50 2016	1482248930	0	969	969	217
Tue Dec 20 09:47:39 2016	1482248859	0	973	973	218
Tue Dec 20 09:43:57 2016	1482248637	0	973	973	223
Tue Dec 20 09:47:17 2016	1482248837	0	973	974	224
Tue Dec 20 09:46:25 2016	1482248785	0	975	975	219
Tue Dec 20 09:45:52 2016	1482248752	0	978	978	231
Tue Dec 20 09:47:30 2016	1482248850	0	981	981	222
Tue Dec 20 09:45:07 2016	1482248707	0	981	981	221
Tue Dec 20 09:48:55 2016	1482248935	5	976	982	331
Tue Dec 20 09:45:48 2016	1482248748	0	982	982	231
Tue Dec 20 09:48:13 2016	1482248893	0	982	982	225
Tue Dec 20 09:47:44 2016	1482248864	0	1026	1027	264
Tue Dec 20 09:43:13 2016	1482248593	0	1062	1062	257
Tue Dec 20 09:45:18 2016	1482248718	0	1064	1064	204
Tue Dec 20 09:45:38 2016	1482248738	0	1064	1064	214
Tue Dec 20 09:44:30 2016	1482248670	0	1065	1066	215
Tue Dec 20 09:49:57 2016	1482248997	0	1067	1067	208
Tue Dec 20 09:45:16 2016	1482248716	0	1067	1067	212
Tue Dec 20 09:44:16 2016	1482248656	0	1070	1070	211
Tue Dec 20 09:44:56 2016	1482248696	0	1071	1071	214
Tue Dec 20 09:46:04 2016	1482248764	0	1071	1071	218
Tue Dec 20 09:47:06 2016	1482248826	0	1074	1075	217
Tue Dec 20 09:46:30 2016	1482248790	0	1078	1078	214
Tue Dec 20 09:49:59 2016	1482248999	0	1081	1081	224
Tue Dec 20 09:50:02 2016	1482249002	0	1082	1082	227
Tue Dec 20 09:49:18 2016	1482248958	0	1083	1084	226
Tue Dec 20 09:44:47 2016	1482248687	0	1089	1089	229
Tue Dec 20 09:47:37 2016	1482248857	0	1091	1091	233
Tue Dec 20 09:44:06 2016	1482248646	0	1092	1092	235
Tue Dec 20 09:43:52 2016	1482248632	0	1095	1096	340
Tue Dec 20 09:46:55 2016	1482248815	0	1100	1100	249
Tue Dec 20 09:42:10 2016	1482248530	0	1101	1101	221
Tue Dec 20 09:47:48 2016	1482248868	0	1132	1132	279
Tue Dec 20 09:46:50 2016	1482248810	0	1134	1134	378
Tue Dec 20 09:46:47 2016	1482248807	0	1159	1159	296
Tue Dec 20 09:47:31 2016	1482248851	0	1162	1162	208
Tue Dec 20 09:44:54 2016	1482248694	0	1163	1163	208
Tue Dec 20 09:43:39 2016	1482248619	0	1166	1166	215
Tue Dec 20 09:45:05 2016	1482248705	0	1167	1167	211
Tue Dec 20 09:50:13 2016	1482249013	0	1167	1167	212
Tue Dec 20 09:46:54 2016	1482248814	0	1168	1168	212
Tue Dec 20 09:45:30 2016	1482248730	0	1168	1168	210
Tue Dec 20 09:43:06 2016	1482248586	0	1168	1168	209
Tue Dec 20 09:46:08 2016	1482248768	0	1168	1168	213
Tue Dec 20 09:48:41 2016	1482248921	0	1170	1171	217
Tue Dec 20 09:47:23 2016	1482248843	0	1171	1171	213
Tue Dec 20 09:44:09 2016	1482248649	0	1171	1171	217
Tue Dec 20 09:49:17 2016	1482248957	0	1172	1172	214
Tue Dec 20 09:44:53 2016	1482248693	0	1173	1174	215
Tue Dec 20 09:45:43 2016	1482248743	0	1173	1174	210
Tue Dec 20 09:44:50 2016	1482248690	0	1175	1175	210
Tue Dec 20 09:42:00 2016	1482248520	0	1177	1177	218
Tue Dec 20 09:42:55 2016	1482248575	0	1180	1180	205
Tue Dec 20 09:42:43 2016	1482248563	0	1180	1180	219
Tue Dec 20 09:43:44 2016	1482248624	0	1180	1180	214
Tue Dec 20 09:42:44 2016	1482248564	0	1181	1181	211
Tue Dec 20 09:44:40 2016	1482248680	0	1181	1181	217
Tue Dec 20 09:47:15 2016	1482248835	0	1182	1182	227
Tue Dec 20 09:43:17 2016	1482248597	0	1184	1184	213
Tue Dec 20 09:47:25 2016	1482248845	0	1185	1185	217
Tue Dec 20 09:43:00 2016	1482248580	0	1192	1192	221
Tue Dec 20 09:48:22 2016	1482248902	0	1193	1193	221
Tue Dec 20 09:48:58 2016	1482248938	0	1195	1195	236
Tue Dec 20 09:43:20 2016	1482248600	0	1201	1202	218
Tue Dec 20 09:45:54 2016	1482248754	0	1207	1207	253
Tue Dec 20 09:47:03 2016	1482248823	0	1220	1220	214
Tue Dec 20 09:49:38 2016	1482248978	0	1223	1223	255
Tue Dec 20 09:41:55 2016	1482248515	0	1225	1225	217
Tue Dec 20 09:48:24 2016	1482248904	0	1227	1227	267
Tue Dec 20 09:49:30 2016	1482248970	0	1231	1231	254
Tue Dec 20 09:49:45 2016	1482248985	0	1252	1252	240
Tue Dec 20 09:41:52 2016	1482248512	0	1265	1265	206
Tue Dec 20 09:47:12 2016	1482248832	0	1265	1265	208
Tue Dec 20 09:42:23 2016	1482248543	0	1269	1269	214
Tue Dec 20 09:47:01 2016	1482248821	0	1270	1270	205
Tue Dec 20 09:41:46 2016	1482248506	0	1270	1270	206
Tue Dec 20 09:43:03 2016	1482248583	0	1271	1271	211
Tue Dec 20 09:48:07 2016	1482248887	0	1271	1271	216
Tue Dec 20 09:50:07 2016	1482249007	0	1272	1272	212
Tue Dec 20 09:49:50 2016	1482248990	0	1273	1273	216
Tue Dec 20 09:43:32 2016	1482248612	0	1274	1274	213
Tue Dec 20 09:43:22 2016	1482248602	0	1274	1274	220
Tue Dec 20 09:44:04 2016	1482248644	0	1275	1275	217
Tue Dec 20 09:48:50 2016	1482248930	0	1276	1276	213
Tue Dec 20 09:44:38 2016	1482248678	0	1276	1276	216
Tue Dec 20 09:45:11 2016	1482248711	0	1277	1277	212
Tue Dec 20 09:46:26 2016	1482248786	0	1278	1278	217
Tue Dec 20 09:48:56 2016	1482248936	0	1278	1278	219
Tue Dec 20 09:49:11 2016	1482248951	0	1278	1278	224
Tue Dec 20 09:45:39 2016	1482248739	0	1279	1279	218
Tue Dec 20 09:49:20 2016	1482248960	0	1279	1280	218
Tue Dec 20 09:42:19 2016	1482248539	0	1280	1280	212
Tue Dec 20 09:42:31 2016	1482248551	0	1280	1280	221
Tue Dec 20 09:47:08 2016	1482248828	0	1281	1281	217
Tue Dec 20 09:45:24 2016	1482248724	0	1281	1281	219
Tue Dec 20 09:42:52 2016	1482248572	0	1282	1282	232
Tue Dec 20 09:42:56 2016	1482248576	0	1282	1282	219
Tue Dec 20 09:46:48 2016	1482248808	0	1286	1286	227
Tue Dec 20 09:48:11 2016	1482248891	0	1288	1289	233
Tue Dec 20 09:46:20 2016	1482248780	0	1289	1289	211
Tue Dec 20 09:46:38 2016	1482248798	0	1290	1290	230
Tue Dec 20 09:46:18 2016	1482248778	0	1291	1291	214
Tue Dec 20 09:45:13 2016	1482248713	0	1294	1294	230
Tue Dec 20 09:49:47 2016	1482248987	0	1298	1298	224
Tue Dec 20 09:49:27 2016	1482248967	0	1299	1299	237
Tue Dec 20 09:49:12 2016	1482248952	0	1305	1305	242
Tue Dec 20 09:49:56 2016	1482248996	0	1307	1307	244
Tue Dec 20 09:48:45 2016	1482248925	0	1314	1315	250
Tue Dec 20 09:42:16 2016	1482248536	0	1316	1316	256
Tue Dec 20 09:43:49 2016	1482248629	0	1318	1318	216
Tue Dec 20 09:49:36 2016	1482248976	0	1319	1319	254
Tue Dec 20 09:46:46 2016	1482248806	0	1326	1326	261
Tue Dec 20 09:48:10 2016	1482248890	0	1341	1342	229
Tue Dec 20 09:44:45 2016	1482248685	0	1342	1342	217
Tue Dec 20 09:48:59 2016	1482248939	0	1342	1342	281
Tue Dec 20 09:48:33 2016	1482248913	0	1343	1343	212
Tue Dec 20 09:44:35 2016	1482248675	0	1369	1370	211
Tue Dec 20 09:44:49 2016	1482248689	0	1370	1370	209
Tue Dec 20 09:45:55 2016	1482248755	0	1372	1372	209
Tue Dec 20 09:48:44 2016	1482248924	0	1372	1373	208
Tue Dec 20 09:45:06 2016	1482248706	0	1373	1373	214
Tue Dec 20 09:43:28 2016	1482248608	0	1374	1374	210
Tue Dec 20 09:46:00 2016	1482248760	0	1375	1375	213
Tue Dec 20 09:45:01 2016	1482248701	0	1375	1376	212
Tue Dec 20 09:46:02 2016	1482248762	0	1377	1377	214
Tue Dec 20 09:44:27 2016	1482248667	0	1378	1378	217
Tue Dec 20 09:46:33 2016	1482248793	0	1378	1378	215
Tue Dec 20 09:44:57 2016	1482248697	0	1379	1379	214
Tue Dec 20 09:46:57 2016	1482248817	0	1380	1380	216
Tue Dec 20 09:46:05 2016	1482248765	0	1381	1381	218
Tue Dec 20 09:44:14 2016	1482248654	0	1381	1382	219
Tue Dec 20 09:42:35 2016	1482248555	0	1382	1382	220
Tue Dec 20 09:50:05 2016	1482249005	0	1382	1382	221
Tue Dec 20 09:44:34 2016	1482248674	0	1383	1383	219
Tue Dec 20 09:46:23 2016	1482248783	0	1383	1384	219
Tue Dec 20 09:43:15 2016	1482248595	0	1384	1384	217
Tue Dec 20 09:42:40 2016	1482248560	0	1387	1387	221
Tue Dec 20 09:49:01 2016	1482248941	0	1389	1389	212
Tue Dec 20 09:42:01 2016	1482248521	0	1390	1390	219
Tue Dec 20 09:42:14 2016	1482248534	0	1392	1392	218
Tue Dec 20 09:46:42 2016	1482248802	0	1393	1394	223
Tue Dec 20 09:42:59 2016	1482248579	0	1394	1394	214
Tue Dec 20 09:44:02 2016	1482248642	0	1397	1397	210
Tue Dec 20 09:46:31 2016	1482248791	0	1397	1398	225
Tue Dec 20 09:42:26 2016	1482248546	0	1399	1399	213
Tue Dec 20 09:45:45 2016	1482248745	0	1400	1401	233
Tue Dec 20 09:47:45 2016	1482248865	0	1401	1401	235
Tue Dec 20 09:49:33 2016	1482248973	0	1402	1402	230
Tue Dec 20 09:46:14 2016	1482248774	0	1403	1403	217
Tue Dec 20 09:48:29 2016	1482248909	0	1406	1407	259
Tue Dec 20 09:42:24 2016	1482248544	0	1407	1407	219
Tue Dec 20 09:46:35 2016	1482248795	0	1409	1409	247
Tue Dec 20 09:47:47 2016	1482248867	0	1419	1419	253
Tue Dec 20 09:43:58 2016	1482248638	0	1422	1422	215
Tue Dec 20 09:46:39 2016	1482248799	0	1425	1425	258
Tue Dec 20 09:47:51 2016	1482248871	0	1429	1429	260
Tue Dec 20 09:49:52 2016	1482248992	0	1434	1434	272
Tue Dec 20 09:42:18 2016	1482248538	0	1441	1441	258
Tue Dec 20 09:44:11 2016	1482248651	0	1441	1441	282
Tue Dec 20 09:42:34 2016	1482248554	0	1451	1451	217
Tue Dec 20 09:46:11 2016	1482248771	0	1474	1474	208
Tue Dec 20 09:44:00 2016	1482248640	0	1478	1478	213
Tue Dec 20 09:44:59 2016	1482248699	0	1478	1478	212
Tue Dec 20 09:43:26 2016	1482248606	0	1484	1484	220
Tue Dec 20 09:42:06 2016	1482248526	0	1486	1486	215
Tue Dec 20 09:48:18 2016	1482248898	0	1489	1489	325
Tue Dec 20 09:47:52 2016	1482248872	0	1490	1490	231
Tue Dec 20 09:48:47 2016	1482248927	0	1491	1491	218
Tue Dec 20 09:48:02 2016	1482248882	0	1494	1494	221
Tue Dec 20 09:48:38 2016	1482248918	0	1517	1517	248
Tue Dec 20 09:42:08 2016	1482248528	0	1524	1525	237
Tue Dec 20 09:43:23 2016	1482248603	0	1528	1528	219
Tue Dec 20 09:48:35 2016	1482248915	0	1543	1543	227
Tue Dec 20 09:45:27 2016	1482248727	0	1582	1582	215
Tue Dec 20 09:42:28 2016	1482248548	0	1586	1586	211
Tue Dec 20 09:45:33 2016	1482248733	0	1594	1594	253
Tue Dec 20 09:44:22 2016	1482248662	0	1617	1617	220
Tue Dec 20 09:44:07 2016	1482248647	0	1731	1731	216
Tue Dec 20 09:49:04 2016	1482248944	0	1756	1756	298
